<?xml version="1.0" encoding="UTF-8"?>
<project-private xmlns="http://www.netbeans.org/ns/project-private/1">
    <editor-bookmarks xmlns="http://www.netbeans.org/ns/editor-bookmarks/2" lastBookmarkId="0"/>
    <open-files xmlns="http://www.netbeans.org/ns/projectui-open-files/2">
        <group>
            <file>file:/C:/Users/NoName/Documents/NetBeansProjects/DoAn/web/giaovien.jsp</file>
            <file>file:/C:/Users/NoName/Documents/NetBeansProjects/DoAn/web/index.jsp</file>
            <file>file:/C:/Users/NoName/Documents/NetBeansProjects/DoAn/web/hocsinh.jsp</file>
            <file>file:/C:/Users/NoName/Documents/NetBeansProjects/DoAn/src/java/myservlet/GetInfoServlet.java</file>
            <file>file:/C:/Users/NoName/Documents/NetBeansProjects/DoAn/src/java/myservlet/LoginServlet.java</file>
            <file>file:/C:/Users/NoName/Documents/NetBeansProjects/DoAn/src/java/mysql/SPDB.java</file>
        </group>
    </open-files>
</project-private>
